<?xml version="1.0" encoding="utf-8"?>
<odoo>
    <record id="sh_product_tags_id_res_config_settings_view_crm_form" model="ir.ui.view">
        <field name="name">res.config.settings.view.product.form.inherit</field>
        <field name="model">res.config.settings</field>
        <field name="inherit_id" ref="base.res_config_settings_view_form"/>
        <field name="priority" eval="90"/>
        <field name="arch" type="xml">
            <!-- ✅ Odoo 18: لازم نستهدف الحاوية الصحيحة -->
            <xpath expr="//div[contains(@class,'o_setting_container')]/div[contains(@class,'settings')]" position="inside">
                <div class="app_settings_block" data-string="Product Tags" string="Product Tags">
                    <h2>Product Tags</h2>

                    <!-- (اختياري) سويتش التفعيل لو عندك الجروب معرف -->
                    <div class="row mt16 o_settings_container">
                        <div class="col-12 col-lg-6 o_setting_box">
                            <div class="o_setting_left_pane">
                                <field name="group_sh_product_tags"
                                       widget="boolean_toggle"
                                       options="{'terminology': 'settings'}"/>
                            </div>
                            <div class="o_setting_right_pane">
                                <label for="group_sh_product_tags"/>
                                <div class="text-muted">Enable tagging products.</div>
                            </div>
                        </div>
                    </div>

                    <!-- (اختياري) وسوم افتراضية للشركة لو عرّفت product_tags_id -->
                    <div class="row mt16 o_settings_container">
                        <div class="col-12 col-lg-6 o_setting_box">
                            <div class="o_setting_left_pane">
                                <label for="product_tags_id"/>
                            </div>
                            <div class="o_setting_right_pane">
                                <field name="product_tags_id" widget="many2many_tags"
                                       options="{'no_quick_create': True, 'no_create_edit': True, 'color_field': 'sh_color'}"/>
                                <div class="text-muted">Default tags applied to newly created products (company-wide).</div>
                            </div>
                        </div>
                    </div>

                </div>
            </xpath>
        </field>
    </record>
</odoo>
